Workbook

Sheet 说明
A1: CoWoS 先进封装供需模型 v0.1（2026-10-15，Kiko）
A2: 黄色格=可改假设；其余为公式。单位：千片(12寸 CoWoS 晶圆)/年；EB=10亿GB。
A3: 需求 = Σ 出货(百万颗) ÷ 每片可封良品颗数 × 1000 + 其他(交换芯片/FPGA等)
A4: 供给 = Σ 12个月 (TSMC + 非TSMC 月产能) × 有效稼动率；月产能=年末锚点线性插值
A5: 出货：KGI 2026-09-15 AI 加速器预测(Figure 10)；每片颗数(ppw)与每封装HBM容量多为自估，锚点：H100≈28、B200≈16 颗/片（爱建证券引 SemiAnalysis）
A6: 产能锚点：KGI（TSMC 年末 13/34/72/120/185 千片/月；2.5D 合计 15/39/89/155/265）。其他口径：MS 2026/27 年末 130/200；UBS 180(+ASE 70、Amkor 20)；JPM 115/155。
A7: 不构成投资建议。

Sheet 需求
A1: 年份 | B1: 厂商 | C1: 产品 | D1: 出货(百万颗) | E1: 每片颗数ppw | F1: 封装类型 | G1: HBM GB/封装 | H1: CoWoS片(千) | I1: HBM需求(PB) | J1: 出货来源
A2: 2023 | B2: 英伟达 | C2: A100 | D2: 1.45 | E2: 30 | F2: S | G2: 80 | H2: =D2/E2*1000 | I2: =D2*G2 | J2: KGI Fig.10
A3: 2023 | B3: AMD | C3: MI250/MI300 | D3: 0.168 | E3: 18 | F3: S | G3: 128 | H3: =D3/E3*1000 | I3: =D3*G3 | J3: KGI Fig.10
A4: 2023 | B4: 其他GPU | C4: Gaudi等 | D4: 0.027 | E4: 25 | F4: S | G4: 96 | H4: =D4/E4*1000 | I4: =D4*G4 | J4: KGI Fig.10
A5: 2023 | B5: 谷歌TPU | C5: TPU v4/v5 | D5: 1.464 | E5: 30 | F5: S | G5: 32 | H5: =D5/E5*1000 | I5: =D5*G5 | J5: KGI Fig.10
A6: 2023 | B6: AWS | C6: Trainium1/Inferentia2 | D6: 0.495 | E6: 30 | F6: S | G6: 32 | H6: =D6/E6*1000 | I6: =D6*G6 | J6: KGI Fig.10
A7: 2023 | B7: 其他ASIC | C7: 其他 | D7: 0.3 | E7: 30 | F7: S | G7: 32 | H7: =D7/E7*1000 | I7: =D7*G7 | J7: KGI Fig.10
A8: 2024 | B8: 英伟达 | C8: A100 | D8: 0.088 | E8: 30 | F8: S | G8: 80 | H8: =D8/E8*1000 | I8: =D8*G8 | J8: KGI Fig.10
A9: 2024 | B9: 英伟达 | C9: H100/H200 | D9: 3.218 | E9: 28 | F9: S | G9: 90 | H9: =D9/E9*1000 | I9: =D9*G9 | J9: KGI Fig.10
A10: 2024 | B10: 英伟达 | C10: B200 | D10: 0.532 | E10: 14 | F10: L | G10: 192 | H10: =D10/E10*1000 | I10: =D10*G10 | J10: KGI Fig.10
A11: 2024 | B11: AMD | C11: MI300X | D11: 0.49 | E11: 18 | F11: S | G11: 192 | H11: =D11/E11*1000 | I11: =D11*G11 | J11: KGI Fig.10
A12: 2024 | B12: 其他GPU | C12: Gaudi/其他 | D12: 0.402 | E12: 25 | F12: S | G12: 96 | H12: =D12/E12*1000 | I12: =D12*G12 | J12: KGI Fig.10
A13: 2024 | B13: 谷歌TPU | C13: TPU v5/v6 | D13: 2.099 | E13: 30 | F13: S | G13: 40 | H13: =D13/E13*1000 | I13: =D13*G13 | J13: KGI Fig.10
... A43: 2027 | B43: 其他ASIC | C43: Maia/MTIA/OpenAI/其他 | D43: 2.3 | E43: 20 | F43: S | G43: 200 | H43: =D43/E43*1000 | I43: =D43*G43 | J43: KGI Fig.10

Sheet 其他与供给
A1: 年份 | B1: 其他需求(千片) | C1: TSMC年末(千片/月) | D1: 非TSMC年末(千片/月) | E1: 有效稼动率
A2: 2022 | B2: 0 | C2: 8 | D2: 0 | E2: 0.95
A3: 2023 | B3: 15 | C3: 13 | D3: 2 | E3: 0.95
A4: 2024 | B4: 30 | C4: 34 | D4: 5 | E4: 0.95
A5: 2025 | B5: 60 | C5: 72 | D5: 17 | E5: 0.95
A6: 2026 | B6: 90 | C6: 120 | D6: 35 | E6: 0.95
A7: 2027 | B7: 150 | C7: 185 | D7: 80 | E7: 0.95

Sheet 平衡表
A1: 年份 | B1: 需求(千片) | C1: 供给(千片) | D1: 缺口(供-需) | E1: 缺口/需求 | F1: 隐含HBM需求(EB)
A2: 2023 | B2: =SUMIF(需求!A2:A43,A2,需求!H2:H43)+其他与供给!B3 | C2: =(12*(其他与供给!C2+其他与供给!D2)+((其他与供给!C3-其他与供给!C2)+(其他与供给!D3-其他与供给!D2))*78/12)*其他与供给!E3 | D2: =C2-B2 | E2: =D2/B2 | F2: =SUMIF(需求!A2:A43,A2,需求!I2:I43)/1000
A3: 2024 | B3: =SUMIF(需求!A2:A43,A3,需求!H2:H43)+其他与供给!B4 | C3: =(12*(其他与供给!C3+其他与供给!D3)+((其他与供给!C4-其他与供给!C3)+(其他与供给!D4-其他与供给!D3))*78/12)*其他与供给!E4 | D3: =C3-B3 | E3: =D3/B3 | F3: =SUMIF(需求!A2:A43,A3,需求!I2:I43)/1000
A4: 2025 | B4: =SUMIF(需求!A2:A43,A4,需求!H2:H43)+其他与供给!B5 | C4: =(12*(其他与供给!C4+其他与供给!D4)+((其他与供给!C5-其他与供给!C4)+(其他与供给!D5-其他与供给!D4))*78/12)*其他与供给!E5 | D4: =C4-B4 | E4: =D4/B4 | F4: =SUMIF(需求!A2:A43,A4,需求!I2:I43)/1000
A5: 2026 | B5: =SUMIF(需求!A2:A43,A5,需求!H2:H43)+其他与供给!B6 | C5: =(12*(其他与供给!C5+其他与供给!D5)+((其他与供给!C6-其他与供给!C5)+(其他与供给!D6-其他与供给!D5))*78/12)*其他与供给!E6 | D5: =C5-B5 | E5: =D5/B5 | F5: =SUMIF(需求!A2:A43,A5,需求!I2:I43)/1000
A6: 2027 | B6: =SUMIF(需求!A2:A43,A6,需求!H2:H43)+其他与供给!B7 | C6: =(12*(其他与供给!C6+其他与供给!D6)+((其他与供给!C7-其他与供给!C6)+(其他与供给!D7-其他与供给!D6))*78/12)*其他与供给!E7 | D6: =C6-B6 | E6: =D6/B6 | F6: =SUMIF(需求!A2:A43,A6,需求!I2:I43)/1000

Sheet 季度产能
A1: 季度 | B1: TSMC(千片/月) | C1: 非TSMC(千片/月) | D1: 合计 | E1: 类型
A2: 2023Q1 | B2: 9.2 | C2: 0.5 | D2: 9.7 | E2: 插值(估)
A3: 2023Q2 | B3: 10.5 | C3: 1 | D3: 11.5 | E3: 插值(估)
A4: 2023Q3 | B4: 11.8 | C4: 1.5 | D4: 13.3 | E4: 插值(估)
A5: 2023Q4 | B5: 13 | C5: 2 | D5: 15 | E5: 锚点
A6: 2024Q1 | B6: 18.2 | C6: 2.8 | D6: 21 | E6: 插值(估)
A7: 2024Q2 | B7: 23.5 | C7: 3.5 | D7: 27 | E7: 插值(估)
A8: 2024Q3 | B8: 28.8 | C8: 4.2 | D8: 33 | E8: 插值(估)
A9: 2024Q4 | B9: 34 | C9: 5 | D9: 39 | E9: 锚点
A10: 2025Q1 | B10: 43.5 | C10: 8 | D10: 51.5 | E10: 插值(估)
A11: 2025Q2 | B11: 53 | C11: 11 | D11: 64 | E11: 插值(估)
A12: 2025Q3 | B12: 62.5 | C12: 14 | D12: 76.5 | E12: 插值(估)
A13: 2025Q4 | B13: 72 | C13: 17 | D13: 89 | E13: 锚点
... A21: 2027Q4 | B21: 185 | C21: 80 | D21: 265 | E21: 锚点

Sheet 硅中介层
A1: v0.4.3：1 片 CoWoS-S 晶圆 = 1 片良品硅中介层晶圆；L/EFB 按每片 0.05 片硅桥折算；R 型不用硅。单位：千片 12 寸/年（需求、供给）与千片/月（年末产能）。估=自估
A2: 年份 | B2: S 型片数 | C2: S 型颗数(百万) | D2: 硅桥折算 | E2: 其他(交换芯片) | F2: 中介层需求 | G2: 年末产能(千片/月) | H2: 其中台积电 | I2: 联电 | J2: 其他/格罗方德 | K2: 良品供给(千片/年) | L2: 余量%
A3: 2023 | B3: 134 | C3: 3.904 | D3: 0 | E3: 9 | F3: 143 | G3: 16 | H3: 13 | I3: 3 | J3: 0 | K3: 151.6 | L3: 6
A4: 2024 | B4: 302.1 | C4: 8.182 | D4: 1.9 | E4: 18 | F4: 322 | G4: 41 | H4: 35 | I4: 6 | J4: 0 | K4: 326.7 | L4: 1.5
A5: 2025 | B5: 318.7 | C5: 6.842 | D5: 16.9 | E5: 36 | F5: 371.6 | G5: 41 | H5: 35 | I5: 6 | J5: 0 | K5: 453.4 | L5: 22
A6: 2026 | B6: 390.1 | C6: 7.207 | D6: 34.9 | E6: 54 | F6: 479 | G6: 61 | H6: 55 | I6: 6 | J6: 0 | K6: 573.2 | L6: 19.7
A7: 2027 | B7: 617 | C7: 10.854 | D7: 75.9 | E7: 90 | F7: 783 | G7: 83 | H7: 75 | I7: 6 | J7: 2 | K7: 806.3 | L7: 3
A8: 2028 | G8: 91 | H8: 75 | I8: 6 | J8: 10 | K8: 965.7
A10: 台积电 2024/2025 年末自制（校准） | B10: 35
A11: 2027 年台积电自制新增的盈亏平衡（千片/月） | B11: 16.1
A12: 2028 年中介层需求同比上限（%） | B12: 23.3

Sheet 来源
A1: 见 cowos_chain.md 附录

Sheet TOC约束
A1: 单位：百万颗 AI 加速器封装/季；算法见 toc.js / data/toc.json；除 CoWoS、HBM 外各环节规模为估计（含校准）；由 cowos/build.py 生成
A2: 季度 | B2: 需求 | C2: CoWoS | D2: 硅中介层 | E2: HBM | F2: TC键合机 | G2: ABF载板 | H2: 电力 | I2: 最小环节 | J2: 约束 | K2: 通过量
A3: 2024Q1 | B3: 1.917 | C3: 1.341 | D3: 1.646 | E3: 1.47 | F3: 3.274 | G3: 2.109 | H3: 2.517 | I3: CoWoS | J3: CoWoS | K3: 1.341
A4: 2024Q2 | B4: 2.091 | C4: 1.779 | D4: 2.127 | E4: 1.79 | F4: 4.097 | G4: 2.3 | H4: 2.517 | I4: CoWoS | J4: CoWoS | K4: 1.779
A5: 2024Q3 | B5: 2.266 | C5: 2.217 | D5: 2.609 | E5: 2.749 | F5: 4.92 | G5: 2.492 | H5: 2.768 | I5: CoWoS | J5: CoWoS | K5: 2.217
A6: 2024Q4 | B6: 2.44 | C6: 2.655 | D6: 3.082 | E6: 3.58 | F6: 5.743 | G6: 2.684 | H6: 2.768 | I6: CoWoS | J6: 需求（各环节都够） | K6: 2.44
A7: 2025Q1 | B7: 2.559 | C7: 2.331 | D7: 3.214 | E7: 3.377 | F7: 3.714 | G7: 2.687 | H7: 3.07 | I7: CoWoS | J7: CoWoS | K7: 2.331
A8: 2025Q2 | B8: 2.791 | C8: 2.961 | D8: 3.302 | E8: 3.678 | F8: 4.455 | G8: 2.931 | H8: 3.07 | I8: ABF 载板 | J8: 需求（各环节都够） | K8: 2.791
A9: 2025Q3 | B9: 3.024 | C9: 3.591 | D9: 3.391 | E9: 3.978 | F9: 5.196 | G9: 3.175 | H9: 3.93 | I9: ABF 载板 | J9: 需求（各环节都够） | K9: 3.024
A10: 2025Q4 | B10: 3.256 | C10: 4.221 | D10: 3.479 | E10: 4.281 | F10: 5.937 | G10: 3.419 | H10: 3.93 | I10: ABF 载板 | J10: 需求（各环节都够） | K10: 3.256
A11: 2026Q1 | B11: 4.349 | C11: 4.457 | D11: 4.722 | E11: 5.11 | F11: 7.275 | G11: 4.48 | H11: 6.755 | I11: CoWoS | J11: 需求（各环节都够） | K11: 4.349
A12: 2026Q2 | B12: 4.745 | C12: 5.211 | D12: 5.215 | E12: 5.445 | F12: 8.313 | G12: 4.887 | H12: 6.755 | I12: ABF 载板 | J12: 需求（各环节都够） | K12: 4.745
A13: 2026Q3 | B13: 5.14 | C13: 5.964 | D13: 5.709 | E13: 5.781 | F13: 9.35 | G13: 5.294 | H13: 7.025 | I13: ABF 载板 | J13: 需求（各环节都够） | K13: 5.14
A14: 2026Q4 | B14: 5.535 | C14: 6.718 | D14: 6.203 | E14: 6.118 | F14: 10.388 | G14: 5.701 | H14: 7.025 | I14: ABF 载板 | J14: 需求（各环节都够） | K14: 5.535
... A18: 2027Q4 | B18: 10.22 | C18: 10.932 | D18: 10.448 | E18: 9.131 | F18: 16.647 | G18: 7.269 | H18: 10.126 | I18: ABF 载板 | J18: ABF 载板 | K18: 7.269
